,Year,Cancer
0,2006,1444.4230414746853
1,2007,1493.1769585253787
2,2008,1541.9308755760721
3,2009,1590.6847926267656
4,2010,1639.438709677459
5,2011,1688.1926267281378
6,2012,1736.9465437788313
7,2013,1785.7004608295247
8,2014,1834.454377880218
9,2015,1883.2082949309115
10,2016,1931.962211981605
11,2017,1980.7161290322838
12,2018,2029.4700460829772
13,2019,2078.2239631336706
